day,BlackRock ICS Euro Government Liquidity Fund,Goldman Sachs Euro Government Liquid Reserves Fund,MORGAN STANLEY LIQUIDITY FUNDS - EURO GOVERNMENT LIQUIDITY FUND,EURIZON INVESTMENT SICAV - EURO LIQUIDITY SHORT TERM,JPMORGAN LIQUIDITY FUNDS - EUR GOVERNMENT CNAV FUND,SPIKO EU T-BILLS MONEY MARKET FUND
2025-01-02,103.20700073242188,10167.25,100.89881896972656,516.2999877929688,10214.26953125,1.02378
2025-01-03,103.22859954833984,10169.6103515625,100.92179870605469,516.3099975585938,10216.599609375,
2025-01-05,,,,,,1.023985
2025-01-06,103.23580169677734,10170.3896484375,100.92948150634766,516.3300170898438,10217.3798828125,1.02404
2025-01-07,103.24299621582031,10171.1904296875,100.93714141845703,516.3699951171875,10218.16015625,1.02411
2025-01-08,103.2500991821289,10171.9697265625,100.9448013305664,516.7100219726562,10218.9404296875,1.024183
2025-01-09,103.2572021484375,10172.759765625,100.95246124267578,516.8200073242188,10219.7099609375,1.024285
2025-01-10,103.27850341796875,10175.1201171875,100.9754409790039,,10222.0302734375,
2025-01-12,,,,,,1.024512
2025-01-13,103.28559875488281,10175.900390625,100.98310089111328,516.8699951171875,10222.7998046875,1.024573
2025-01-14,103.2927017211914,10176.6904296875,100.99076080322266,516.9099731445312,10223.580078125,1.024658
2025-01-15,103.29979705810547,10177.4697265625,100.99844360351562,516.9600219726562,10224.349609375,1.024712
2025-01-16,103.30690002441406,10178.259765625,101.006103515625,517.0599975585938,10225.1298828125,1.024817
2025-01-17,103.3281021118164,10180.6201171875,101.02902221679688,517.0900268554688,10227.4501953125,
2025-01-19,,,,,,1.025056
2025-01-20,103.33519744873047,10181.400390625,101.03665924072266,517.1300048828125,10228.23046875,1.025142
2025-01-21,103.34230041503906,10182.1796875,101.04429626464844,517.1599731445312,10229.0,1.025216
2025-01-22,103.34940338134766,10182.9599609375,101.05194091796875,517.1900024414062,10229.76953125,1.025287
2025-01-23,103.35649871826172,10183.73046875,101.05947875976562,517.2999877929688,10230.5302734375,1.025388
2025-01-24,103.37750244140625,10186.0595703125,101.08216094970703,517.3300170898438,10232.8203125,
2025-01-26,,,,,,1.025615
2025-01-27,103.3844985961914,10186.83984375,101.0896987915039,517.3699951171875,10233.580078125,1.025697
2025-01-28,103.3916015625,10187.6103515625,101.09722137451172,517.4099731445312,10234.349609375,1.025772
2025-01-29,103.39859771728516,10188.3896484375,101.10446166992188,517.4400024414062,10235.1103515625,1.025853
2025-01-30,103.40550231933594,10189.169921875,101.11277770996094,517.5599975585938,10235.8603515625,1.025962
2025-01-31,103.42630004882812,10191.5,101.13545989990234,517.5999755859375,10238.1298828125,
2025-02-02,,,,,,1.026201
2025-02-03,103.43319702148438,10192.259765625,101.14302062988281,517.6599731445312,10238.8896484375,1.026327
2025-02-04,103.44010162353516,10193.0302734375,101.15058135986328,517.7000122070312,10239.650390625,1.026411
2025-02-05,103.44660186767578,10193.75,101.15766143798828,517.72998046875,10240.3603515625,1.026476
2025-02-06,103.4530029296875,10194.48046875,101.16471862792969,517.8300170898438,10241.0703125,1.026557
2025-02-07,103.47229766845703,10196.669921875,101.18589782714844,517.8599853515625,10243.2001953125,
2025-02-09,,,,,,1.02679
2025-02-10,103.47869873046875,10197.3896484375,101.19297790527344,517.9000244140625,10243.91015625,1.026864
2025-02-11,103.48519897460938,10198.1103515625,101.20005798339844,517.9299926757812,10244.6103515625,1.026954
2025-02-12,103.4916000366211,10198.830078125,101.20712280273438,517.9600219726562,10245.3203125,1.027014
2025-02-13,103.49800109863281,10199.5595703125,101.21415710449219,518.0599975585938,10246.01953125,1.027084
2025-02-14,103.51730346679688,10201.7197265625,101.23528289794922,518.0900268554688,10248.1298828125,
2025-02-16,,,,,,1.027286
2025-02-17,103.52369689941406,10202.4501953125,101.24231719970703,518.1300048828125,10248.830078125,1.027352
2025-02-18,103.53019714355469,10203.1796875,101.24935913085938,518.1699829101562,10249.5302734375,1.027448
2025-02-19,103.5364990234375,10203.91015625,101.25640106201172,518.2000122070312,10250.23046875,1.027507
2025-02-20,103.54290008544922,10204.6298828125,101.26345825195312,518.3099975585938,10250.9296875,1.027588
2025-02-21,103.56199645996094,10206.7900390625,101.28463745117188,518.3499755859375,10253.0400390625,
2025-02-23,,,,,,1.027794
2025-02-24,103.56829833984375,10207.509765625,101.29165649414062,518.3900146484375,10253.740234375,1.027861
2025-02-25,103.57469940185547,10208.23046875,101.2986831665039,518.4199829101562,10254.4404296875,1.027935
2025-02-26,103.58110046386719,10208.9599609375,101.30570220947266,518.4600219726562,10255.1396484375,1.028001
2025-02-27,103.58740234375,10209.6796875,101.3127212524414,518.5499877929688,10255.83984375,1.028077
2025-02-28,103.60649871826172,10211.83984375,101.33377838134766,518.5800170898438,10257.9296875,
2025-03-02,,,,,,1.028269
2025-03-03,103.61289978027344,10212.5595703125,101.34078216552734,518.6099853515625,10258.6201171875,1.028343
2025-03-04,103.61920166015625,10213.2802734375,101.3477783203125,518.6500244140625,10259.3203125,1.028396
2025-03-05,103.62550354003906,10214.0,101.3547592163086,518.6699829101562,10260.009765625,1.028456
2025-03-06,103.63189697265625,10214.7197265625,101.36174011230469,518.760009765625,10260.7001953125,1.028534
2025-03-07,103.6509017944336,10216.91015625,101.38273620605469,518.780029296875,10262.7900390625,
2025-03-09,,,,,,1.028726
2025-03-10,103.65730285644531,10217.6298828125,101.38980102539062,518.8200073242188,10263.48046875,1.028792
2025-03-11,103.6635971069336,10218.349609375,101.39678192138672,518.8599853515625,10264.169921875,1.028859
2025-03-12,103.66940307617188,10219.01953125,101.40335845947266,518.9099731445312,10264.830078125,1.028918
2025-03-13,103.67530059814453,10219.6904296875,101.40984344482422,518.97998046875,10265.48046875,1.028979
2025-03-14,103.69290161132812,10221.6796875,101.42928314208984,519.02001953125,10267.4296875,
2025-03-16,,,,,,1.029173
2025-03-17,103.69879913330078,10222.3603515625,101.43572235107422,519.030029296875,10268.080078125,1.029234
2025-03-18,103.70469665527344,10223.0302734375,101.4421615600586,519.0800170898438,10268.7197265625,1.0293
2025-03-19,103.71060180664062,10223.7001953125,101.44863891601562,519.1199951171875,10269.419921875,1.029355
2025-03-20,103.71640014648438,10224.3603515625,101.45511627197266,519.2100219726562,10270.0703125,1.029434
2025-03-21,103.73400115966797,10226.349609375,101.47456359863281,519.239990234375,10272.0,
2025-03-23,,,,,,1.029628
2025-03-24,103.73989868164062,10227.0302734375,101.48101806640625,519.260009765625,10272.650390625,1.029705
2025-03-25,103.74579620361328,10227.6904296875,101.48745727539062,519.2899780273438,10273.2998046875,1.029777
2025-03-26,103.75160217285156,10228.349609375,101.493896484375,519.3300170898438,10273.9501953125,1.02985
2025-03-27,103.75749969482422,10229.01953125,101.5003433227539,519.4199829101562,10274.58984375,1.029943
2025-03-28,103.7750015258789,10231.009765625,101.5196762084961,519.4500122070312,10276.5302734375,
2025-03-30,,,,,,1.03014
2025-03-31,103.78089904785156,10231.669921875,101.5261001586914,519.4600219726562,10277.169921875,1.030207
2025-04-01,103.78669738769531,10232.33984375,101.53253936767578,519.5,10277.8095703125,1.030264
2025-04-02,103.7926025390625,10233.0,101.53900146484375,519.530029296875,10278.4599609375,1.030339
2025-04-03,103.79840087890625,10233.669921875,101.54541778564453,,10279.099609375,1.03044
2025-04-04,103.81590270996094,10235.66015625,101.56462097167969,519.6599731445312,10281.0302734375,
2025-04-06,,,,,,1.030582
2025-04-07,103.8218002319336,10236.3203125,101.57106018066406,519.6599731445312,10281.6796875,1.030698
2025-04-08,103.82759857177734,10236.990234375,101.57749938964844,519.6900024414062,10282.3203125,1.030724
2025-04-09,103.83350372314453,10237.650390625,101.58392333984375,519.72998046875,10282.9599609375,1.03082
2025-04-10,103.83930206298828,10238.3095703125,101.59033966064453,,10283.599609375,1.030859
2025-04-11,103.85679626464844,10240.26953125,101.6096420288086,,10285.5302734375,
2025-04-13,,,,,,1.031049
2025-04-14,103.86260223388672,10240.9296875,101.61605834960938,,10286.169921875,1.031119
2025-04-15,103.86840057373047,10241.580078125,101.6224594116211,,10286.8095703125,1.031175
2025-04-16,103.87409973144531,10242.240234375,101.62886047363281,,10287.4501953125,1.031217
2025-04-17,103.90290069580078,10245.5302734375,101.66046142578125,,10290.6298828125,
2025-04-21,,,,,,1.03156
2025-04-22,103.90859985351562,10246.1796875,101.66686248779297,520.1400146484375,10291.259765625,1.031655
2025-04-23,103.91390228271484,10246.7802734375,101.67268371582031,520.1599731445312,10291.849609375,1.031711
2025-04-24,103.91909790039062,10247.3896484375,101.67849731445312,520.25,10292.4501953125,1.031758
2025-04-25,103.93479919433594,10249.1904296875,101.6958999633789,520.280029296875,10294.2197265625,
2025-04-27,,,,,,1.031936
2025-04-28,103.94000244140625,10249.7802734375,101.7016830444336,520.2999877929688,10294.8095703125,1.031999
2025-04-29,103.94519805908203,10250.3896484375,101.70748138427734,520.3499755859375,10295.400390625,1.032048
2025-04-30,103.95539855957031,10251.58984375,101.71903991699219,520.4400024414062,10296.5498046875,
2025-05-01,,,,,,1.032168
2025-05-02,103.9708023071289,10253.3896484375,101.73638153076172,520.489990234375,10298.2802734375,
2025-05-04,,,,,,1.032364
2025-05-05,103.97599792480469,10253.990234375,101.74215698242188,520.510009765625,10298.83984375,1.03242
2025-05-06,103.9811019897461,10254.599609375,101.74794006347656,520.5499877929688,10299.419921875,1.032482
2025-05-07,103.98619842529297,10255.2001953125,101.7537612915039,520.5900268554688,10299.990234375,
2025-05-08,103.99130249023438,10255.7998046875,101.75958251953125,520.6699829101562,10300.5703125,1.032605
2025-05-09,104.00650024414062,10257.599609375,101.77686309814453,,10302.2900390625,
2025-05-11,,,,,,1.03278
2025-05-12,104.0114974975586,10258.1904296875,101.78262329101562,520.6900024414062,10302.8701171875,1.032822
2025-05-13,104.0166015625,10258.7900390625,101.78833770751953,520.739990234375,10303.4404296875,1.032862
2025-05-14,104.02159881591797,10259.3798828125,101.79408264160156,520.760009765625,10304.01953125,1.032909
2025-05-15,104.02660369873047,10259.98046875,101.7997817993164,520.8499755859375,10304.58984375,1.032966
2025-05-16,104.04170227050781,10261.7802734375,101.81687927246094,520.8699951171875,10306.3095703125,
2025-05-18,,,,,,1.03314
2025-05-19,104.04669952392578,10262.3701171875,101.82260131835938,520.8800048828125,10306.8798828125,1.033193
2025-05-20,104.05180358886719,10262.9599609375,101.82832336425781,520.9099731445312,10307.4599609375,1.03325
2025-05-21,104.05680084228516,10263.5498046875,101.83406066894531,520.9299926757812,10308.0302734375,1.033304
2025-05-22,104.06179809570312,10264.1298828125,101.83979797363281,521.02001953125,10308.599609375,1.03337
2025-05-23,104.07679748535156,10265.9296875,101.8569564819336,521.0499877929688,10310.3203125,
2025-05-25,,,,,,1.033533
2025-05-26,104.08180236816406,10266.5302734375,101.86270141601562,521.0700073242188,10310.8896484375,1.033597
2025-05-27,104.08679962158203,10267.1298828125,101.86843872070312,521.0999755859375,10311.4599609375,1.033658
2025-05-28,104.091796875,10267.73046875,101.87413787841797,521.1300048828125,10312.0302734375,
2025-05-29,104.0968017578125,10268.3203125,101.8798599243164,,10312.599609375,1.033756
2025-05-30,104.11170196533203,10270.1103515625,101.89701843261719,521.4400024414062,10314.2998046875,
2025-06-01,,,,,,1.033928
2025-06-02,104.11669921875,10270.7001953125,101.90271759033203,521.530029296875,10314.8798828125,1.034004
2025-06-03,104.12169647216797,10271.2998046875,101.90843963623047,521.5599975585938,10315.4501953125,1.034056
2025-06-04,104.12660217285156,10271.900390625,101.91413879394531,521.5999755859375,10316.009765625,1.034102
2025-06-05,104.13159942626953,10272.5,101.9198226928711,521.6799926757812,10316.580078125,1.03418
2025-06-06,104.14649963378906,10274.2900390625,101.93679809570312,521.7000122070312,10318.2900390625,
2025-06-09,104.15139770507812,10274.8798828125,101.94245910644531,,10318.849609375,1.034382
2025-06-10,104.15630340576172,10275.4697265625,101.9481430053711,521.739990234375,10319.419921875,1.034429
2025-06-11,104.16089630126953,10276.01953125,101.95343780517578,521.77001953125,10319.9501953125,1.034478
2025-06-12,104.16529846191406,10276.580078125,101.9587631225586,521.8499755859375,10320.4697265625,1.034507
2025-06-13,104.17880249023438,10278.23046875,101.97460174560547,521.8800048828125,10322.0400390625,
2025-06-15,,,,,,1.034676
2025-06-16,104.18329620361328,10278.7802734375,101.9798583984375,521.9299926757812,10322.5703125,1.034718
2025-06-17,104.18779754638672,10279.33984375,101.98507690429688,521.9500122070312,10323.08984375,1.034769
2025-06-18,104.19219970703125,10279.8896484375,101.99030303955078,521.969970703125,10323.6103515625,1.034806
2025-06-19,104.19670104980469,10280.4404296875,101.99559783935547,522.0399780273438,10324.1396484375,1.034859
2025-06-20,104.21019744873047,10282.099609375,,522.0599975585938,10325.7099609375,
2025-06-22,,,,,,1.035011
2025-06-23,104.2146987915039,10282.650390625,102.01689910888672,,10326.23046875,1.035058
2025-06-24,104.21920013427734,10283.1904296875,102.022216796875,522.0999755859375,10326.75,1.035106
2025-06-25,104.22360229492188,10283.740234375,102.02754211425781,522.1199951171875,10327.26953125,1.03516
2025-06-26,104.22810363769531,10284.2900390625,102.03279876708984,522.1900024414062,10327.7998046875,1.035217
2025-06-27,104.24150085449219,10285.9501953125,102.04857635498047,522.219970703125,10329.3603515625,
2025-06-29,,,,,,1.035362
2025-06-30,104.24600219726562,10286.5,102.05381774902344,522.22998046875,10329.8798828125,1.035407
2025-07-01,104.25050354003906,10287.0400390625,102.0590591430664,522.27001953125,10330.400390625,1.035473
2025-07-02,104.25499725341797,10287.599609375,102.06432342529297,522.5,10330.919921875,1.035518
2025-07-03,104.2594985961914,10288.1396484375,102.069580078125,522.5700073242188,10331.4404296875,1.035579
2025-07-04,104.27290344238281,10289.76953125,102.08529663085938,522.5999755859375,10332.990234375,
2025-07-06,,,,,,1.035734
2025-07-07,104.27729797363281,10290.3095703125,102.09052276611328,522.6099853515625,10333.5,1.035779
2025-07-08,104.28179931640625,10290.849609375,102.09575653076172,522.6300048828125,10334.01953125,1.035827
2025-07-09,104.28620147705078,10291.3896484375,102.10443878173828,522.6599731445312,10334.5302734375,1.035868
2025-07-10,104.29070281982422,10291.9501953125,102.109619140625,522.72998046875,10335.0498046875,1.03592
2025-07-11,104.30400085449219,10293.599609375,102.1252212524414,522.75,10336.58984375,
2025-07-14,104.30850219726562,10294.150390625,102.13040161132812,522.77001953125,10337.1103515625,1.036125
2025-07-15,104.31289672851562,10294.7001953125,102.13622283935547,522.7999877929688,10337.6298828125,1.036162
2025-07-16,104.31739807128906,10295.240234375,102.14140319824219,522.8300170898438,10338.1396484375,1.036214
2025-07-17,104.3218002319336,10295.7802734375,102.14653778076172,522.9000244140625,10338.650390625,1.036258
2025-07-18,104.33509826660156,10297.41015625,102.16195678710938,522.9199829101562,10340.1796875,
2025-07-20,,,,,,1.036409
2025-07-21,104.339599609375,10297.9501953125,102.16708374023438,522.9400024414062,10340.7001953125,1.036468
2025-07-22,104.34400177001953,10298.490234375,102.17220306396484,522.969970703125,10341.2099609375,1.036517
2025-07-23,104.34850311279297,10299.0400390625,102.17732238769531,522.989990234375,10341.7197265625,1.03656
2025-07-24,104.35289764404297,10299.580078125,102.18245697021484,523.0499877929688,10342.23046875,1.03661
2025-07-25,104.36620330810547,10301.2099609375,102.19788360595703,523.0700073242188,10343.75,
2025-07-27,,,,,,1.036742
2025-07-28,104.37059783935547,10301.740234375,102.20301818847656,523.0900268554688,10344.259765625,1.036792
2025-07-29,104.3750991821289,10302.26953125,102.20816040039062,523.1199951171875,10344.759765625,1.036839
2025-07-30,104.37950134277344,10302.8203125,102.2132797241211,523.1400146484375,10345.26953125,1.036878
2025-07-31,104.38390350341797,10303.3603515625,102.2183837890625,523.2100219726562,10345.7802734375,1.036928
2025-08-01,104.39720153808594,10304.9599609375,102.23368072509766,523.25,10347.2998046875,
2025-08-03,,,,,,1.037088
2025-08-04,104.40160369873047,10305.5,102.23877716064453,523.27001953125,10347.7998046875,1.037143
2025-08-05,104.40599822998047,10306.0400390625,102.24388122558594,523.2999877929688,10348.3095703125,1.037203
2025-08-06,104.4104995727539,10306.580078125,102.24897766113281,523.3200073242188,10348.8203125,1.037243
2025-08-07,104.41490173339844,10307.1103515625,102.25405883789062,523.4000244140625,10349.330078125,1.037307
2025-08-08,104.4281005859375,10308.7099609375,102.26936340332031,523.4099731445312,10350.849609375,
2025-08-10,,,,,,1.037458
2025-08-11,104.43250274658203,10309.240234375,102.2744369506836,523.4400024414062,10351.349609375,1.037496
2025-08-12,104.43689727783203,10309.7802734375,102.279541015625,523.4600219726562,10351.8603515625,1.037537
2025-08-13,104.44129943847656,10310.3095703125,102.28462219238281,523.489990234375,10352.3701171875,1.037593
2025-08-14,104.4457015991211,10310.83984375,102.28970336914062,523.5599975585938,10352.8701171875,
2025-08-15,104.45899963378906,10312.4404296875,102.30500030517578,,10354.3896484375,
2025-08-17,,,,,,1.037792
2025-08-18,104.4634017944336,10312.9697265625,102.31009674072266,523.6099853515625,10354.8896484375,1.037838
2025-08-19,104.4677963256836,10313.509765625,102.31520080566406,523.6400146484375,10355.400390625,1.037884
2025-08-20,104.47229766845703,10314.0400390625,102.32029724121094,523.6699829101562,10355.900390625,1.037923
2025-08-21,104.47669982910156,10314.5703125,102.32540130615234,523.739990234375,10356.41015625,1.037976
2025-08-22,104.48999786376953,10316.16015625,102.34063720703125,523.760009765625,10357.919921875,
2025-08-24,,,,,,1.038124
2025-08-25,104.49449920654297,10316.7001953125,102.34574127197266,523.780029296875,10358.4296875,1.038163
2025-08-26,104.4989013671875,10317.23046875,102.35083770751953,523.7999877929688,10358.9296875,1.038208
2025-08-27,104.50330352783203,10317.75,102.35594177246094,523.8300170898438,10359.4404296875,1.038251
2025-08-28,104.50769805908203,10318.2802734375,102.36103820800781,523.8900146484375,10359.9404296875,1.038297
2025-08-29,104.52100372314453,10319.849609375,102.3763427734375,523.9099731445312,10361.4501953125,
2025-08-31,,,,,,1.03845
2025-09-01,104.52539825439453,10320.3701171875,102.38141632080078,523.9500122070312,10361.9599609375,1.038525
2025-09-02,104.52980041503906,10320.900390625,102.38652038574219,523.969970703125,10362.4599609375,1.038569
2025-09-03,104.5342025756836,10321.4296875,102.39161682128906,524.0,10362.9599609375,1.038604
2025-09-04,104.5385971069336,10321.9599609375,102.39674377441406,524.0599975585938,10363.4599609375,1.038645
2025-09-05,104.55180358886719,10323.5302734375,102.41204071044922,524.0900268554688,10364.9697265625,
2025-09-07,,,,,,1.038807
2025-09-08,104.55619812011719,10324.0595703125,102.4171371459961,524.0999755859375,10365.4697265625,1.038856
2025-09-09,104.56060028076172,10324.580078125,102.4222412109375,524.1300048828125,10365.98046875,1.03891
2025-09-10,104.56500244140625,10325.1103515625,102.42733764648438,524.1500244140625,10366.48046875,1.038956
2025-09-11,104.56939697265625,10325.6298828125,102.43241882324219,524.22998046875,10366.98046875,1.039001
2025-09-12,104.58260345458984,10327.2001953125,102.44772338867188,,10368.490234375,
2025-09-14,,,,,,1.039155
2025-09-15,104.58699798583984,10327.73046875,102.45281982421875,524.280029296875,10368.990234375,1.039205
2025-09-16,104.59140014648438,10328.25,102.45791625976562,524.3099975585938,10369.490234375,1.039252
2025-09-17,104.5958023071289,10328.76953125,102.46299743652344,524.3300170898438,10370.0,1.039292
2025-09-18,104.6001968383789,10329.2998046875,102.46807861328125,524.4000244140625,10370.5,1.039348
2025-09-19,104.6134033203125,10330.8701171875,102.48338317871094,,10372.009765625,
2025-09-21,,,,,,1.0395
2025-09-22,104.6177978515625,10331.3896484375,102.48847961425781,524.4400024414062,10372.51953125,1.039551
2025-09-23,104.62220001220703,10331.919921875,102.49358367919922,524.469970703125,10373.01953125,1.039605
2025-09-24,104.62660217285156,10332.4404296875,102.4986801147461,524.489990234375,10373.5302734375,1.039649
2025-09-25,104.63099670410156,10332.9697265625,102.50377655029297,524.5700073242188,10374.0302734375,1.039689
2025-09-26,104.64409637451172,10334.5400390625,102.51915740966797,524.5900268554688,10375.5498046875,
2025-09-28,,,,,,1.039848
2025-09-29,104.64849853515625,10335.0595703125,102.52423858642578,524.6199951171875,10376.0498046875,1.039902
2025-09-30,104.65280151367188,10335.580078125,102.52934265136719,524.6400146484375,10376.5595703125,1.039956
2025-10-01,104.6572036743164,10336.1103515625,102.53446197509766,524.6799926757812,10377.0595703125,1.040011
2025-10-02,104.6615982055664,10336.6396484375,102.53958129882812,524.75,10377.5703125,1.040065
2025-10-03,104.67469787597656,10338.2099609375,102.55493927001953,524.780029296875,10379.080078125,
2025-10-05,,,,,,1.040222
2025-10-06,104.6791000366211,10338.740234375,102.56004333496094,524.7999877929688,10379.58984375,1.040279
2025-10-07,104.68340301513672,10339.259765625,102.56523895263672,524.8400268554688,10380.08984375,1.04033
2025-10-08,104.68779754638672,10339.7802734375,102.57038116455078,524.8699951171875,10380.599609375,1.040388
2025-10-09,104.69219970703125,10340.3095703125,102.57547760009766,524.9400024414062,10381.099609375,1.040435
2025-10-10,104.7052993774414,10341.8798828125,102.5908432006836,,10382.6201171875,
2025-10-12,,,,,,1.040589
2025-10-13,104.70970153808594,10342.400390625,102.59593963623047,525.2100219726562,10383.1298828125,1.040648
2025-10-14,104.71410369873047,10342.9296875,102.60104370117188,525.22998046875,10383.6298828125,1.040704
2025-10-15,104.71839904785156,10343.4501953125,102.60614013671875,525.260009765625,10384.1396484375,1.040742
2025-10-16,104.7228012084961,10343.98046875,102.61123657226562,525.3400268554688,10384.650390625,1.040794
2025-10-17,104.73600006103516,10345.5498046875,102.62654113769531,525.3699951171875,10386.169921875,
2025-10-19,,,,,,1.040956
2025-10-20,104.74040222167969,10346.0703125,102.63163757324219,525.3800048828125,10386.669921875,1.040993
2025-10-21,104.74469757080078,10346.58984375,102.63356018066406,525.4099731445312,10387.1796875,1.041044
2025-10-22,104.74909973144531,10347.1298828125,102.64183807373047,525.4299926757812,10387.6796875,1.041094
2025-10-23,104.75350189208984,10347.650390625,102.64694213867188,,10388.1904296875,1.041132
2025-10-24,,10349.2197265625,,,,
2025-10-26,,,,,,1.041275
2025-10-27,104.77100372314453,10349.75,102.66722106933594,525.530029296875,10390.2001953125,1.041315
2025-10-28,104.77539825439453,10350.26953125,102.67227935791016,525.5499877929688,10390.7099609375,1.041365
2025-10-29,104.77980041503906,10350.7998046875,102.67704010009766,525.5700073242188,10391.2099609375,1.04141
2025-10-30,104.78410339355469,10351.330078125,102.68209838867188,525.6400146484375,10391.7197265625,1.041459
2025-10-31,104.79720306396484,10352.900390625,102.69715881347656,525.6599731445312,10393.2197265625,
2025-11-02,,,,,,1.041611
2025-11-03,104.80159759521484,10353.419921875,102.70221710205078,525.6900024414062,10393.73046875,1.041664
2025-11-04,104.80599975585938,10353.9501953125,102.70728302001953,525.7100219726562,10394.23046875,1.041701
2025-11-05,104.8104019165039,10354.48046875,102.71234130859375,525.739990234375,10394.73046875,1.041747
2025-11-06,104.814697265625,10355.009765625,102.71739959716797,525.7999877929688,10395.23046875,1.041793
2025-11-07,104.8279037475586,10356.58984375,102.73258209228516,525.8200073242188,10396.740234375,
2025-11-09,,,,,,1.041944
2025-11-10,104.83219909667969,10357.1103515625,102.73764038085938,525.8400268554688,10397.240234375,
2025-11-11,104.83660125732422,10357.6298828125,102.74272155761719,525.8699951171875,10397.75,1.042048
2025-11-12,104.84100341796875,10358.169921875,102.747802734375,525.8900146484375,10398.25,1.04208
2025-11-13,104.84529876708984,10358.6904296875,102.75286102294922,525.9600219726562,10398.75,1.042139
2025-11-14,104.8584976196289,10360.259765625,102.7680435180664,525.97998046875,10400.259765625,
2025-11-16,,,,,,1.042298
2025-11-17,104.86280059814453,10360.7900390625,102.77310180664062,526.010009765625,10400.759765625,1.042347
2025-11-18,104.86720275878906,10361.2998046875,102.77818298339844,526.030029296875,10401.26953125,1.042387
2025-11-19,104.87159729003906,10361.8095703125,102.78324127197266,526.0599975585938,10401.76953125,1.042432
2025-11-20,104.8759994506836,10362.330078125,102.78829956054688,526.1199951171875,10402.26953125,1.042488
2025-11-21,104.88909912109375,10363.900390625,102.80348205566406,526.1500244140625,10403.7802734375,
2025-11-23,,,,,,1.042645
2025-11-24,104.89350128173828,10364.419921875,102.80854034423828,526.1699829101562,10404.2802734375,1.042706
2025-11-25,104.89790344238281,10364.9501953125,102.8135986328125,526.2000122070312,10404.7900390625,1.042736
2025-11-26,104.90229797363281,10365.4599609375,102.81865692138672,526.219970703125,10405.2900390625,1.042783
2025-11-27,104.90670013427734,10365.98046875,102.82372283935547,526.2899780273438,10405.7900390625,1.042834
2025-11-28,104.9197998046875,10367.5498046875,102.83901977539062,526.3200073242188,10407.2998046875,
2025-11-30,,,,,,1.042988
2025-12-01,104.92420196533203,10368.0703125,102.84410095214844,526.3400268554688,10407.8095703125,1.04305
2025-12-02,104.92859649658203,10368.599609375,102.84918212890625,526.3699951171875,10408.3095703125,1.04309
2025-12-03,104.93299865722656,10369.1201171875,102.85426330566406,526.4000244140625,10408.8095703125,1.043143
2025-12-04,104.9374008178711,10369.6396484375,102.85933685302734,526.469970703125,10409.3203125,1.043199
2025-12-05,104.95059967041016,10371.2197265625,102.87464141845703,526.47998046875,10410.830078125,
2025-12-07,,,,,,1.043354
2025-12-08,104.95500183105469,10371.73046875,102.87972259521484,526.5,10411.330078125,1.043398
2025-12-09,104.95939636230469,10372.25,102.88480377197266,526.530029296875,10411.830078125,1.043435
2025-12-10,104.96379852294922,10372.7802734375,102.88987731933594,526.5499877929688,10412.330078125,1.043484
2025-12-11,104.96820068359375,10373.2998046875,102.89498138427734,526.6300048828125,10412.83984375,1.043544
2025-12-12,104.98139953613281,10374.8701171875,102.91033935546875,526.6500244140625,10414.349609375,
2025-12-14,,,,,,1.043703
2025-12-15,104.98580169677734,10375.400390625,102.91544342041016,526.6699829101562,10414.849609375,1.043752
2025-12-16,104.99019622802734,10375.919921875,102.92053985595703,526.7000122070312,10415.349609375,1.043814
2025-12-17,104.99459838867188,10376.4501953125,102.9256362915039,526.72998046875,10415.8603515625,1.043868
2025-12-18,104.9990005493164,10376.9697265625,102.93074035644531,526.8099975585938,10416.3603515625,1.043923
2025-12-19,105.01219940185547,10378.5400390625,102.9460220336914,,10417.8798828125,
2025-12-21,,,,,,1.04408
2025-12-22,105.0166015625,10379.0595703125,102.95111846923828,526.8499755859375,10418.3798828125,1.044148
2025-12-23,105.02100372314453,10379.58984375,102.9561996459961,526.97998046875,10418.8798828125,1.044199
2025-12-28,,,,,,1.044463
2025-12-29,105.04750061035156,10382.73046875,102.98680114746094,527.030029296875,10421.91015625,1.044504
2025-12-30,105.0519027709961,10383.259765625,102.99188232421875,527.0800170898438,10422.419921875,1.044561
2026-01-01,,,,,,1.044652
2026-01-02,105.07389831542969,10385.8701171875,103.01725769042969,527.1900024414062,10424.9404296875,
2026-01-04,,,,,,1.044814
2026-01-05,105.07830047607422,10386.400390625,103.0223388671875,527.2100219726562,10425.4404296875,1.044864
2026-01-06,105.08270263671875,10386.919921875,103.0274429321289,527.4299926757812,10425.9501953125,1.04491
2026-01-07,105.08709716796875,10387.4501953125,103.03253936767578,527.4600219726562,10426.4501953125,1.044959
2026-01-08,105.09149932861328,10387.9697265625,103.03764343261719,527.5399780273438,10426.9599609375,1.044993
2026-01-09,105.10479736328125,10389.5703125,103.0530014038086,527.5599975585938,10428.48046875,
2026-01-11,,,,,,1.045102
2026-01-12,105.10919952392578,10390.08984375,103.05809783935547,527.5800170898438,10428.98046875,1.045155
2026-01-13,105.11360168457031,10390.6201171875,103.06320190429688,527.6099853515625,10429.490234375,1.045224
2026-01-14,105.11810302734375,10391.150390625,103.06832122802734,527.6599731445312,10430.0,1.045274
2026-01-15,105.12249755859375,10391.669921875,103.07344055175781,527.72998046875,10430.5,1.045359
2026-01-16,105.13580322265625,10393.25,103.08885955810547,527.75,10432.0302734375,
2026-01-18,,,,,,1.045492
2026-01-19,105.14029693603516,10393.76953125,103.09397888183594,527.77001953125,10432.5400390625,1.045547
2026-01-20,105.14469909667969,10394.2900390625,103.09912109375,527.7999877929688,10433.0498046875,1.045584
2026-01-21,105.14920043945312,10394.8203125,103.10427856445312,527.8200073242188,10433.5595703125,1.045634
2026-01-22,105.15360260009766,10395.349609375,103.10942077636719,527.9000244140625,10434.0703125,1.045725
2026-01-23,105.16690063476562,10396.9501953125,103.1248779296875,527.9199829101562,10435.599609375,
2026-01-25,,,,,,1.045855
2026-01-26,105.17140197753906,10397.4697265625,103.13002014160156,527.9400024414062,10436.1103515625,1.045886
2026-01-27,105.1759033203125,10398.0,103.13516235351562,527.969970703125,10436.6201171875,1.045942
2026-01-28,105.1802978515625,10398.51953125,103.1402816772461,527.989990234375,10437.1396484375,1.046006
2026-01-29,105.18479919433594,10399.0498046875,103.14541625976562,528.0700073242188,10437.650390625,1.046074
2026-01-30,105.1980972290039,10400.6201171875,103.16089630126953,528.0900268554688,10439.1904296875,
2026-02-01,,,,,,1.046198
2026-02-02,105.20259857177734,10401.1396484375,103.1660385131836,528.1199951171875,10439.7001953125,1.046323
2026-02-03,105.20700073242188,10401.669921875,103.17118072509766,528.1500244140625,10440.2099609375,1.046383
2026-02-04,105.21150207519531,10402.1904296875,103.17630004882812,528.1699829101562,10440.73046875,1.046419
2026-02-05,105.21589660644531,10402.7099609375,103.1814193725586,528.25,10441.240234375,1.046492
2026-02-06,105.22930145263672,10404.3095703125,103.19683837890625,528.280029296875,10442.7802734375,
2026-02-08,,,,,,1.04663
2026-02-09,105.23380279541016,10404.849609375,103.20195770263672,528.2999877929688,10443.2900390625,1.046702
2026-02-10,105.23829650878906,10405.3798828125,103.20709991455078,528.3200073242188,10443.8095703125,1.046734
2026-02-11,105.2426986694336,10405.900390625,103.21221923828125,528.3499755859375,10444.3203125,1.046784
2026-02-12,105.24720001220703,10406.4296875,103.21736145019531,528.4500122070312,10444.830078125,1.046846
2026-02-13,105.2605972290039,10408.0302734375,103.23278045654297,528.4500122070312,10446.3798828125,
2026-02-15,,,,,,1.04701
2026-02-16,105.26509857177734,10408.5498046875,103.23792266845703,528.469970703125,10446.8896484375,1.047049
2026-02-17,105.26959991455078,10409.080078125,103.24308013916016,528.5,10447.41015625,1.047118
2026-02-18,105.27410125732422,10409.6201171875,103.24823760986328,528.52001953125,10447.919921875,1.047136
2026-02-19,105.27860260009766,10410.150390625,103.25337982177734,528.5999755859375,10448.4404296875,1.04721
2026-02-20,105.29199981689453,10411.75,103.26885986328125,,10449.98046875,
2026-02-22,,,,,,1.047356
2026-02-23,105.29650115966797,10412.2802734375,103.27401733398438,528.6500244140625,10450.490234375,1.047402
2026-02-24,105.3010025024414,10412.8203125,103.27918243408203,528.6699829101562,10451.009765625,1.047443
2026-02-25,105.30549621582031,10413.349609375,103.28433990478516,528.7000122070312,10451.51953125,1.047499
2026-02-26,105.30999755859375,10413.8701171875,103.28949737548828,528.780029296875,10452.0400390625,1.047543
2026-02-27,105.32350158691406,10415.4404296875,103.30497741699219,528.7999877929688,10453.580078125,
2026-03-01,,,,,,1.047704
2026-03-02,105.3279037475586,10415.98046875,103.3102035522461,528.8200073242188,10454.08984375,1.04776
2026-03-03,105.3323974609375,10416.509765625,103.31533813476562,528.8200073242188,10454.599609375,1.047767
2026-03-04,105.33689880371094,10417.0302734375,103.3204574584961,528.8499755859375,10455.1201171875,1.047824
2026-03-05,105.34140014648438,10417.5703125,103.32559967041016,528.9000244140625,10455.6298828125,1.047852
2026-03-06,105.35489654541016,10419.169921875,103.34107971191406,528.9099731445312,10457.169921875,
2026-03-08,,,,,,1.047989
2026-03-09,105.3593978881836,10419.6904296875,103.34626007080078,528.9299926757812,10457.6904296875,1.048006
2026-03-10,105.36389923095703,10420.2197265625,103.3514175415039,528.97998046875,10458.2001953125,1.048085
2026-03-11,105.36840057373047,10420.75,103.35659790039062,528.9600219726562,10458.7197265625,1.048108
2026-03-12,105.3729019165039,10421.26953125,103.36177825927734,529.0399780273438,10459.23046875,1.048145
2026-03-13,105.38639831542969,10422.8701171875,103.37738037109375,529.0599975585938,10460.7802734375,
2026-03-15,,,,,,1.0483
2026-03-16,105.39080047607422,10423.41015625,103.38256072998047,529.0900268554688,10461.2900390625,1.048359
2026-03-17,105.39530181884766,10423.9296875,103.38775634765625,529.1300048828125,10461.8095703125,1.048421
2026-03-18,105.3998031616211,10424.4501953125,103.39298248291016,529.1400146484375,10462.3203125,1.048463
2026-03-19,105.404296875,10424.990234375,103.39820098876953,529.1799926757812,10462.83984375,1.048491
2026-03-20,105.41780090332031,10426.5595703125,103.41385650634766,,10464.3896484375,
2026-03-22,,,,,,1.048596
2026-03-23,105.42230224609375,10427.08984375,103.41908264160156,529.2000122070312,10464.900390625,1.048625
2026-03-24,105.42680358886719,10427.6201171875,103.42431640625,529.2000122070312,10465.419921875,1.048696
2026-03-25,105.4312973022461,10428.16015625,103.42955780029297,529.239990234375,10465.9404296875,1.048751
2026-03-26,105.43579864501953,10428.6904296875,103.43479919433594,529.2999877929688,10466.4501953125,1.048811
2026-03-27,105.44930267333984,10430.259765625,103.45052337646484,529.3400268554688,10468.0,
2026-03-29,,,,,,1.048961
2026-03-30,105.45390319824219,10430.7900390625,103.45575714111328,529.3499755859375,10468.51953125,1.049029
2026-03-31,105.4583969116211,10431.3203125,103.46099853515625,529.3699951171875,10469.0400390625,1.049088
2026-04-01,105.46289825439453,10431.83984375,103.46621704101562,529.530029296875,10469.5595703125,1.049159
2026-04-02,105.48529815673828,10434.4599609375,103.49241638183594,529.5499877929688,10472.1396484375,
2026-04-06,,,,,,1.0494
2026-04-07,105.48979949951172,10434.990234375,103.4976806640625,529.6599731445312,10472.66015625,1.049451
2026-04-08,105.49430084228516,10435.51953125,103.4990005493164,529.739990234375,10473.169921875,1.049573
2026-04-09,105.4988021850586,10436.0498046875,103.50424194335938,529.8300170898438,10473.6904296875,1.049593
2026-04-10,105.51239776611328,10437.6201171875,103.5198974609375,529.8499755859375,10475.259765625,
2026-04-12,,,,,,1.049774
2026-04-13,105.51689910888672,10438.16015625,103.52510070800781,529.8599853515625,10475.7802734375,1.049783
2026-04-14,105.52140045166016,10438.6904296875,103.5302963256836,529.9199829101562,10476.2998046875,1.049874
2026-04-15,105.5259017944336,10439.2197265625,103.5354995727539,529.9400024414062,10476.8203125,1.049948
2026-04-16,105.53040313720703,10439.759765625,103.54067993164062,530.0399780273438,10477.33984375,1.050023
2026-04-17,105.54409790039062,10441.330078125,103.55628204345703,530.0900268554688,10478.91015625,
2026-04-19,,,,,,1.050197
2026-04-20,105.54869842529297,10441.8603515625,103.5615005493164,530.0900268554688,10479.4296875,1.050277
2026-04-21,105.55329895019531,10442.3896484375,103.56671905517578,530.1199951171875,10479.9599609375,1.050339
2026-04-22,105.55789947509766,10442.9296875,103.57193756103516,530.1400146484375,10480.48046875,1.05038
2026-04-23,105.5625,10443.4599609375,103.57714080810547,530.219970703125,10481.0,1.050418
2026-04-24,105.57640075683594,10445.0595703125,103.59274291992188,530.25,10482.580078125,
2026-04-26,,,,,,1.050575
2026-04-27,105.58110046386719,10445.58984375,103.59793853759766,530.27001953125,10483.099609375,1.05065
2026-04-28,105.58570098876953,10446.1298828125,103.60315704345703,530.27001953125,10483.6298828125,1.05068
2026-04-29,105.59040069580078,10446.66015625,103.60836029052734,530.3499755859375,10484.150390625,1.050703
2026-04-30,105.60900115966797,10448.7900390625,103.61357879638672,530.4199829101562,10486.259765625,
2026-05-03,,,,,,1.050902
2026-05-04,105.61360168457031,10449.330078125,103.63446044921875,530.47998046875,10486.7900390625,1.051011
2026-05-05,105.61830139160156,10449.8701171875,103.63966369628906,530.52001953125,10487.3203125,1.051063
2026-05-06,105.6229019165039,10450.400390625,103.64485931396484,530.5599975585938,10487.83984375,1.051143
2026-05-07,105.62760162353516,10450.9404296875,103.65003967285156,530.6400146484375,10488.3701171875,
2026-05-08,105.6415023803711,10452.5400390625,103.66564178466797,530.6699829101562,10489.9697265625,
2026-05-10,,,,,,1.051364
2026-05-11,105.64620208740234,10453.080078125,103.67082214355469,530.6799926757812,10490.5,1.051407
2026-05-12,105.6509017944336,10453.6103515625,103.6760025024414,530.7100219726562,10491.0302734375,1.051452
2026-05-13,105.65550231933594,10454.1396484375,103.68118286132812,530.739990234375,10491.5703125,
2026-05-14,105.66020202636719,10454.6796875,103.6863784790039,,10492.1103515625,1.051572
2026-05-15,105.67420196533203,10456.2998046875,103.70191955566406,530.8400268554688,10493.7197265625,
2026-05-17,,,,,,1.051716
2026-05-18,105.67890167236328,10456.83984375,103.70712280273438,530.8599853515625,10494.259765625,1.051774
2026-05-19,105.68360137939453,10457.3798828125,103.71231842041016,530.8800048828125,10494.7900390625,1.051835
2026-05-20,105.68830108642578,10457.919921875,103.71752166748047,530.8800048828125,10495.330078125,1.051878
2026-05-21,105.69290161132812,10458.4697265625,103.72271728515625,530.9500122070312,10495.8701171875,1.051945
2026-05-22,105.70700073242188,10460.08984375,103.7382583618164,530.97998046875,10497.48046875,
2026-05-25,105.71170043945312,10460.6396484375,103.74346160888672,,10498.01953125,1.052161
2026-05-26,105.71640014648438,10461.1796875,103.74864196777344,531.02001953125,10498.5595703125,1.052211
2026-05-27,105.72119903564453,10461.73046875,103.75383758544922,531.0399780273438,10499.099609375,1.052265
2026-05-28,105.72589874267578,10462.26953125,103.75904083251953,531.1199951171875,10499.6396484375,1.052302
2026-05-29,105.74009704589844,10463.9296875,103.77464294433594,531.1400146484375,10501.259765625,
2026-05-31,,,,,,1.052481
2026-06-01,105.74479675292969,10464.4697265625,103.77983856201172,531.1699829101562,10501.7998046875,1.052519
2026-06-02,105.74949645996094,10465.01953125,103.78501892089844,531.1900024414062,10502.33984375,1.052562
2026-06-03,105.75420379638672,10465.580078125,103.79022216796875,531.2100219726562,10502.8798828125,1.052593
2026-06-04,105.75900268554688,10466.1201171875,103.79541778564453,531.2899780273438,10503.419921875,1.052637
2026-06-05,105.77330017089844,10467.76953125,103.81101989746094,531.3099975585938,10505.0498046875,
2026-06-07,,,,,,1.05281
2026-06-08,105.7780990600586,10468.3203125,103.81622314453125,531.3099975585938,10505.58984375,1.052841
2026-06-09,105.78279876708984,10468.8701171875,103.82140350341797,531.3400268554688,10506.1396484375,1.052905
2026-06-10,105.78759765625,10469.41015625,103.82659912109375,531.3599853515625,10506.6796875,1.052947
2026-06-11,105.79239654541016,10469.9599609375,103.83181762695312,531.4400024414062,10507.23046875,1.052983
2026-06-12,105.80670166015625,10471.6201171875,103.84748077392578,,10508.8603515625,
2026-06-14,,,,,,1.053175
2026-06-15,105.8115005493164,10472.169921875,103.8526611328125,531.5,10509.41015625,1.053243
2026-06-16,105.81629943847656,10472.7197265625,103.85785675048828,531.530029296875,10509.9599609375,1.053298
2026-06-17,105.82150268554688,10473.3095703125,103.86361694335938,531.5599975585938,10510.5400390625,1.053361
2026-06-18,105.82669830322266,10473.900390625,103.86937713623047,531.6500244140625,10511.1201171875,1.053417
2026-06-19,105.84230041503906,10475.669921875,103.88671875,531.6699829101562,10512.849609375,
2026-06-21,,,,,,1.053594
2026-06-22,105.84750366210938,10476.259765625,103.89250183105469,531.7000122070312,10513.4296875,1.053655
2026-06-23,105.85269927978516,10476.8603515625,103.89830017089844,,10514.009765625,1.053716
2026-06-24,105.85790252685547,10477.4599609375,103.90409851074219,531.760009765625,10514.58984375,1.053781
2026-06-25,105.86309814453125,10478.0498046875,103.90989685058594,531.8599853515625,10515.169921875,1.053846
2026-06-26,105.87879943847656,10479.849609375,103.92736053466797,531.8900146484375,10516.91015625,
2026-06-28,,,,,,1.054027
2026-06-29,105.88400268554688,10480.4501953125,103.93318176269531,531.9099731445312,10517.490234375,1.054085
2026-06-30,105.88929748535156,10481.0498046875,103.93900299072266,531.9400024414062,10518.0703125,1.054145
2026-07-01,105.89450073242188,10481.650390625,103.9448013305664,532.010009765625,10518.650390625,1.05421
2026-07-02,105.8998031616211,10482.240234375,103.95062255859375,532.0999755859375,10519.23046875,1.054257
2026-07-03,105.91549682617188,10484.0302734375,103.96807861328125,532.219970703125,10520.990234375,
2026-07-05,,,,,,1.054455
2026-07-06,105.9207992553711,10484.6298828125,103.9738998413086,532.22998046875,10521.580078125,1.054517
2026-07-07,105.9260025024414,10485.23046875,103.97972106933594,532.27001953125,10522.169921875,1.054583
2026-07-08,105.9312973022461,10485.830078125,103.98554229736328,532.25,10522.759765625,1.054628
2026-07-09,105.93659973144531,10486.4296875,103.99134063720703,532.3599853515625,10523.349609375,1.054686
2026-07-10,105.95240020751953,10488.25,104.00879669189453,532.4000244140625,10525.1201171875,
2026-07-12,,,,,,1.054868
2026-07-13,105.95770263671875,10488.849609375,104.01464080810547,532.4000244140625,10525.7197265625,
2026-07-14,105.96299743652344,10489.4501953125,104.02046203613281,532.4400024414062,10526.3095703125,1.054987
2026-07-15,105.96829986572266,10490.0498046875,104.02628326416016,532.4600219726562,10526.900390625,1.05505
2026-07-16,105.97360229492188,10490.650390625,104.03209686279297,532.5499877929688,10527.5,1.055114
2026-07-17,105.9896011352539,10492.4501953125,104.04962158203125,,10529.2802734375,
2026-07-19,,,,,,1.055293
2026-07-20,105.99490356445312,10493.0498046875,104.05545806884766,532.5999755859375,10529.8798828125,1.055344
2026-07-21,106.00019836425781,10493.650390625,104.0613021850586,532.6300048828125,10530.4697265625,1.055427
2026-07-22,106.00550079345703,10494.25,104.0671615600586,532.6500244140625,10531.0595703125,1.05549
2026-07-23,106.01090240478516,10494.849609375,104.07303619384766,532.75,10531.66015625,1.055566
2026-07-24,106.02680206298828,10496.669921875,104.09062194824219,532.7899780273438,10533.4599609375,
2026-07-26,,,,,,1.05576
2026-07-27,106.0322036743164,10497.26953125,104.09649658203125,532.8099975585938,10534.0595703125,1.055823
2026-07-28,106.0374984741211,10497.8701171875,104.10237884521484,532.8499755859375,10534.66015625,1.055892
2026-07-29,106.04280090332031,10498.48046875,104.10826110839844,532.8699951171875,10535.259765625,1.055949
2026-07-30,106.04820251464844,10499.080078125,104.11414337158203,532.969970703125,10535.8701171875,1.05601
2026-07-31,106.06410217285156,10500.9404296875,104.13178253173828,532.989990234375,10537.6904296875,
2026-08-02,,,,,,1.056195
2026-08-03,106.06950378417969,,104.13765716552734,533.0599975585938,10538.2900390625,1.056271
2026-08-04,106.07479858398438,10502.16015625,104.14353942871094,533.0999755859375,10538.8896484375,1.056324
2026-08-05,106.0801010131836,10502.76953125,104.1494369506836,533.1300048828125,10539.490234375,1.056386
2026-08-06,106.08550262451172,10503.3798828125,104.15531921386719,,10540.099609375,1.056437
2026-08-07,106.10150146484375,10505.2001953125,,,,
2026-08-09,,,,,,1.056627
